NCAA,ESPN,ESPN_PBP
Abilene Christian,Abil Christian,Abilene Christian
Air Force,Air Force,Air Force
Akron,Akron,Akron
Alabama,Alabama,Alabama
Alabama A&M,Alabama A&M,Alabama A&M
Alabama St.,Alabama State,Alabama State
UAlbany,Albany,Albany
Alcorn,Alcorn State,Alcorn State
American,American,American
App State,Appalachian St,Appalachian State
Arizona,Arizona,Arizona
Arizona St.,Arizona State,Arizona State
Arkansas,Arkansas,Arkansas
Ark.-Pine Bluff,AR-Pine Bluff,Arkansas-Pine Bluff
Arkansas St.,Arkansas State,Arkansas St
Army West Point,Army,Army
Auburn,Auburn,Auburn
Austin Peay,Austin Peay,Austin Peay
BYU,BYU,BYU
Ball St.,Ball State,Ball State
Baylor,Baylor,Baylor
Bellarmine,Bellarmine,Bellarmine
Belmont,Belmont,Belmont
Bethune-Cookman,Bethune-Cookman,Bethune-Cookman
Binghamton,Binghamton,Binghamton
Boise St.,Boise State,Boise State
Boston College,Boston College,Boston College
Boston U.,Boston U,Boston University
Bowling Green,Bowling Green,Bowling Green
Bradley,Bradley,Bradley
Brown,Brown,Brown
Bryant,Bryant,Bryant
Bucknell,Bucknell,Bucknell
Buffalo,Buffalo,Buffalo
Butler,Butler,Butler
California Baptist,Cal Baptist,Cal Baptist
Cal Poly,Cal Poly,Cal Poly
CSU Bakersfield,CSU Bakersfield,CSU Bakersfield
Cal St. Fullerton,CSU Fullerton,CS Fullerton
CSUN,CSU Northridge,CSU Northridge
California,Cal,California
Campbell,Campbell,Campbell
Canisius,Canisius,Canisius
Central Ark.,Cent Arkansas,Central Arkansas
Central Conn. St.,Cent Conn St,Central Connecticut
Central Mich.,Cent Michigan,Central Michigan
Col. of Charleston,Charleston,Charleston
Charleston So.,Charleston So,Charleston Southern
Charlotte,Charlotte,Charlotte
Chattanooga,Chattanooga,Chattanooga
Chicago St.,Chicago State,Chicago State
Cincinnati,Cincinnati,Cincinnati
Clemson,Clemson,Clemson
Cleveland St.,Cleveland State,Cleveland State
Coastal Carolina,C. Carolina,Coastal Carolina
Colgate,Colgate,Colgate
Colorado,Colorado,Colorado
Colorado St.,Colorado State,Colorado State
Columbia,Columbia,Columbia
UConn,UConn,Connecticut
Coppin St.,Coppin State,Coppin State
Cornell,Cornell,Cornell
Creighton,Creighton,Creighton
Dartmouth,Dartmouth,Dartmouth
Davidson,Davidson,Davidson
Dayton,Dayton,Dayton
DePaul,DePaul,DePaul
Delaware,Delaware,Delaware
Delaware St.,Delaware State,Delaware State
Denver,Denver,Denver
Detroit Mercy,Detroit Mercy,Detroit Mercy
Drake,Drake,Drake
Drexel,Drexel,Drexel
Duke,Duke,Duke
Duquesne,Duquesne,Duquesne
East Carolina,ECU,East Carolina
ETSU,ETSU,East Tennessee State
Eastern Ill.,E Illinois,Eastern Illinois
Eastern Ky.,E Kentucky,Eastern Kentucky
Eastern Mich.,E Michigan,Eastern Michigan
Eastern Wash.,E Washington,Eastern Washington
Elon,Elon,Elon
Evansville,Evansville,Evansville
FIU,FIU,Florida International
Fairfield,Fairfield,Fairfield
Fairleigh Dickinson,Fair Dickinson,Fairleigh Dickinson
Florida,Florida,Florida
Florida A&M,Florida A&M,Florida A&M
Fla. Atlantic,FAU,Florida Atlantic
FGCU,FGCU,Florida Gulf Coast
Florida St.,Florida State,Florida State
Fordham,Fordham,Fordham
Fresno St.,Fresno State,Fresno State
Furman,Furman,Furman
Gardner-Webb,Gardner-Webb,Gardner-Webb
George Mason,George Mason,George Mason
George Washington,G Washington,George Washington
Georgetown,Georgetown,Georgetown
Georgia,Georgia,Georgia
Ga. Southern,Ga Southern,Georgia Southern
Georgia St.,Georgia State,Georgia St
Georgia Tech,Georgia Tech,Georgia Tech
Gonzaga,Gonzaga,Gonzaga
Grambling,Grambling,Grambling
Grand Canyon,Grand Canyon,Grand Canyon
Green Bay,Green Bay,Green Bay
Hampton,Hampton,Hampton
Hartford,Hartford,Hartford
Harvard,Harvard,Harvard
Hawaii,Hawai'i,Hawai'i
High Point,High Point,High Point
Hofstra,Hofstra,Hofstra
Holy Cross,Holy Cross,Holy Cross
Houston,Houston,Houston
Houston Christian,Houston Baptist,Houston Baptist
Howard,Howard,Howard
IUPUI,IUPUI,IUPUI
Idaho,Idaho,Idaho
Idaho St.,Idaho State,Idaho State
Illinois,Illinois,Illinois
UIC,UIC,UIC
Illinois St.,Illinois State,Illinois State
UIW,Incarnate Word,Incarnate Word
Indiana,Indiana,Indiana
Indiana St.,Indiana State,Indiana State
Iona,Iona,Iona
Iowa,Iowa,Iowa
Iowa St.,Iowa State,Iowa State
Jackson St.,Jackson State,Jackson State
Jacksonville,Jacksonville,Jacksonville
Jacksonville St.,Jacksonville St,Jacksonville State
James Madison,JMU,James Madison
Kansas,Kansas,Kansas
Kansas St.,Kansas State,Kansas State
Kennesaw St.,Kennesaw State,Kennesaw State
Kent St.,Kent State,Kent State
Kentucky,Kentucky,Kentucky
LIU,LIU,Long Island University
LSU,LSU,LSU
La Salle,La Salle,La Salle
Lafayette,Lafayette,Lafayette
Lamar University,Lamar,Lamar
Lehigh,Lehigh,Lehigh
Liberty,Liberty,Liberty
Lindenwood,Lindenwood,Lindenwood
Lipscomb,Lipscomb,Lipscomb
Little Rock,Little Rock,Arkansas-Little Rock
Long Beach St.,Long Beach State,Long Beach State
Longwood,Longwood,Longwood
Louisiana,Louisiana,Louisiana
ULM,UL Monroe,Ul Monroe
Louisiana Tech,LA Tech,Louisiana Tech
Louisville,Louisville,Louisville
Loyola Chicago,Loyola-Chicago,Loyola Chicago
Loyola Maryland,Loyola (MD),Loyola (MD)
LMU (CA),Loyola Mary,Loyola Marymount
Maine,Maine,Maine
Manhattan,Manhattan,Manhattan
Marist,Marist,Marist
Marquette,Marquette,Marquette
Marshall,Marshall,Marshall
Maryland,Maryland,Maryland
UMES,MD-E Shore,Maryland-Eastern Shore
Massachusetts,UMass,Massachusetts
McNeese,Mcneese,Mcneese St
Memphis,Memphis,Memphis
Mercer,Mercer,Mercer
Merrimack,Merrimack,Merrimack
Miami (FL),Miami,Miami
Miami (OH),Miami (OH),Miami (OH)
Michigan,Michigan,Michigan
Michigan St.,Michigan State,Michigan State
Middle Tenn.,Mid Tennessee,Middle Tennessee
Milwaukee,Milwaukee,Milwaukee
Minnesota,Minnesota,Minnesota
Ole Miss,Ole Miss,Ole Miss
Mississippi St.,Miss St,Mississippi State
Mississippi Val.,Miss Valley St,Mississippi Valley State
Missouri,Missouri,Missouri
Missouri St.,Missouri State,Missouri State
Monmouth,Monmouth,Monmouth
Montana,Montana,Montana
Montana St.,Montana State,Montana State
Morehead St.,Morehead State,Morehead State
Morgan St.,Morgan State,Morgan State
Mount St. Mary's,Mt St Mary's,Mt. St. Mary'S
Murray St.,Murray State,Murray State
NC State,NC State,NC State
NJIT,NJIT,NJIT
Navy,Navy,Navy
Nebraska,Nebraska,Nebraska
Omaha,Omaha,Omaha
Nevada,Nevada,Nevada
New Hampshire,UNH,New Hampshire
New Mexico,New Mexico,New Mexico
New Mexico St.,New Mexico St,New Mexico State
New Orleans,New Orleans,New Orleans
Niagara,Niagara,Niagara
Nicholls,Nicholls,Nicholls
Norfolk St.,Norfolk State,Norfolk State
North Ala.,North Alabama,North Alabama
North Carolina,UNC,North Carolina
N.C. A&T,NC A&T,North Carolina A&T
N.C. Central,NC Central,North Carolina Central
North Dakota,North Dakota,North Dakota
North Dakota St.,North Dakota St,North Dakota State
North Florida,North Florida,North Florida
North Texas,North Texas,North Texas
Northeastern,Northeastern,Northeastern
Northern Ariz.,N Arizona,Northern Arizona
Northern Colo.,N Colorado,Northern Colorado
NIU,N Illinois,Northern Illinois
UNI,Northern Iowa,Northern Iowa
Northern Ky.,N Kentucky,Northern Kentucky
Northwestern,Northwestern,Northwestern
Northwestern St.,Northwestern St,Northwestern State
Notre Dame,Notre Dame,Notre Dame
Oakland,Oakland,Oakland
Ohio,Ohio,Ohio
Ohio St.,Ohio State,Ohio State
Oklahoma,Oklahoma,Oklahoma
Oklahoma St.,Oklahoma State,Oklahoma State
Old Dominion,Old Dominion,Old Dominion
Oral Roberts,Oral Roberts,Oral Roberts
Oregon,Oregon,Oregon
Oregon St.,Oregon State,Oregon State
Pacific,Pacific,Pacific
Penn,Penn,Pennsylvania
Penn St.,Penn State,Penn State
Pepperdine,Pepperdine,Pepperdine
Pittsburgh,Pitt,Pittsburgh
Portland,Portland,Portland
Portland St.,Portland State,Portland State
Prairie View,PV A&M,Prairie View A&M
Presbyterian,Presbyterian,Presbyterian College
Princeton,Princeton,Princeton
Providence,Providence,Providence
Purdue,Purdue,Purdue
Purdue Fort Wayne,Fort Wayne,Purdue Fort Wayne
Queens (NC),Queens University,Queens University
Quinnipiac,Quinnipiac,Quinnipiac
Radford,Radford,Radford
Rhode Island,URI,Rhode Island
Rice,Rice,Rice
Richmond,Richmond,Richmond
Rider,Rider,Rider
Robert Morris,Robert Morris,Robert Morris
Rutgers,Rutgers,Rutgers
SIUE,SIUE,SIU Edwardsville
SMU,SMU,SMU
Sacramento St.,Sacramento St,Sacramento State
Sacred Heart,Sacred Heart,Sacred Heart
Saint Joseph's,Saint Joe's,Saint Joseph's
Saint Louis,Saint Louis,Saint Louis
Saint Mary's (CA),Saint Mary's,Saint Mary's
Saint Peter's,St Peter's,Saint Peter's
Sam Houston,Sam Houston,Sam Houston State
Samford,Samford,Samford
San Diego,San Diego,San Diego
San Diego St.,San Diego State,San Diego State
San Francisco,San Francisco,San Francisco
San Jose St.,San Jose State,San José State
Santa Clara,Santa Clara,Santa Clara
Seattle U,Seattle,Seattle U
Seton Hall,Seton Hall,Seton Hall
Siena,Siena,Siena
South Alabama,South Alabama,South Alabama
South Carolina,South Carolina,South Carolina
South Carolina St.,S Carolina St,South Carolina State
South Dakota,South Dakota,South Dakota
South Dakota St.,South Dakota St,South Dakota State
South Fla.,USF,South Florida
Southeast Mo. St.,SE Missouri St,Southeast Missouri State
Southeastern La.,SE Louisiana,SE Louisiana
Southern U.,Southern,Southern
Southern Ill.,S Illinois,Southern Illinois
Southern Ind.,Southern Indiana,Southern Indiana
Southern Miss.,Southern Miss,Southern Miss
Southern Utah,Southern Utah,Southern Utah
St. Bonaventure,St Bonaventure,St. Bonaventure
St. Francis Brooklyn,St Francis (BKN),St. Francis (BKN)
Saint Francis (PA),St Francis (PA),St. Francis (PA)
St. John's (NY),St John's,St. John's
St. Thomas (MN),St. Thomas - Minnesota,St. Thomas - Minnesota
Stanford,Stanford,Stanford
SFA,SF Austin,Stephen F. Austin
Stetson,Stetson,Stetson
Stonehill,Stonehill,Stonehill
Stony Brook,Stony Brook,Stony Brook
Syracuse,Syracuse,Syracuse
TCU,TCU,TCU
Tarleton St.,Tarleton,Tarleton
Temple,Temple,Temple
Tennessee,Tennessee,Tennessee
UT Martin,UT Martin,UT Martin
Tennessee St.,Tennessee St,Tennessee State
Tennessee Tech,Tenn Tech,Tennessee Tech
Texas,Texas,Texas
Texas A&M,Texas A&M,Texas A&M
Tex. A&M-Commerce,Texas A&M-Commerce,Texas A&M-Commerce
A&M-Corpus Christi,Texas A&M-CC,Texas A&M-CC
Texas Southern,Texas Southern,Texas Southern
Texas St.,Texas State,Texas State
Texas Tech,Texas Tech,Texas Tech
The Citadel,The Citadel,The Citadel
Toledo,Toledo,Toledo
Towson,Towson,Towson
Troy,Troy,Troy
Tulane,Tulane,Tulane
Tulsa,Tulsa,Tulsa
UAB,UAB,UAB
UC Davis,UC Davis,UC Davis
UC Irvine,UC Irvine,UC Irvine
UC Riverside,UC Riverside,UC Riverside
UC San Diego,UC San Diego,UC San Diego
UC Santa Barbara,UCSB,UC Santa Barbara
UCF,UCF,UCF
UCLA,UCLA,UCLA
UMBC,UMBC,UMBC
Kansas City,UMKC,UM Kansas City
UMass Lowell,UMass Lowell,UMass Lowell
UNC Asheville,UNC Asheville,UNC Asheville
UNC Greensboro,UNCG,UNC Greensboro
UNCW,UNC Wilmington,UNC Wilmington
UNLV,UNLV,UNLV
Southern California,USC,USC
USC Upstate,USC Upstate,South Carolina Upstate
UT Arlington,UT Arlington,UT Arlington
UTRGV,UT Rio Grande,UT Rio Grande Valley
UTEP,UTEP,UTEP
UTSA,UTSA,UT San Antonio
Utah,Utah,Utah
Utah St.,Utah State,Utah State
Utah Tech,Utah Tech,Utah Tech
Utah Valley,Utah Valley,Utah Valley
VCU,VCU,VCU
VMI,VMI,VMI
Valparaiso,Valparaiso,Valparaiso
Vanderbilt,Vanderbilt,Vanderbilt
Vermont,Vermont,Vermont
Villanova,Villanova,Villanova
Virginia,UVA,Virginia
Virginia Tech,Virginia Tech,Virginia Tech
Wagner,Wagner,Wagner
Wake Forest,Wake Forest,Wake Forest
Washington,Washington,Washington
Washington St.,Washington St,Washington State
Weber St.,Weber State,Weber State
West Virginia,West Virginia,West Virginia
Western Caro.,W Carolina,Western Carolina
Western Ill.,W Illinois,Western Illinois
Western Ky.,W Kentucky,Western Kentucky
Western Mich.,W Michigan,Western Michigan
Wichita St.,Wichita State,Wichita State
William & Mary,William & Mary,William & Mary
Winthrop,Winthrop,Winthrop
Wisconsin,Wisconsin,Wisconsin
Wofford,Wofford,Wofford
Wright St.,Wright State,Wright State
Wyoming,Wyoming,Wyoming
Xavier,Xavier,Xavier
Yale,Yale,Yale
Youngstown St.,Youngstown St,Youngstown State
